{
  "controller/NotFound-dbg.controller.js": 1668428329000,
  "utils/locate-reuse-libs.js": 1668428329000,
  "manifest.json": 1691673081524,
  "model/models.js": 1668428329000,
  "model/formatter.js": 1668428329000,
  "controller/NotFound.controller.js": 1668428329000,
  "controller/ListSelector.js": 1668428329000,
  "controller/List.controller.js": 1683023387634,
  "controller/ErrorHandler.js": 1668428329000,
  "controller/DetailObjectNotFound.js": 1668428329000,
  "controller/DetailObjectNotFound.controller.js": 1668428329000,
  "controller/Detail.controller.js": 1668428329000,
  "controller/BaseController.js": 1668428329000,
  "controller/App.controller.js": 1668428329000,
  "Component.js": 1668428329000,
  "manifest-bundle.zip": 1691673081543,
  "Component-preload.js": 1691673082485,
  "controller/ErrorHandler-dbg.js": 1668428329000,
  "model/models-dbg.js": 1668428329000,
  "model/formatter-dbg.js": 1668428329000,
  "i18n/i18n.properties": 1668428329000,
  "controller/ListSelector-dbg.js": 1668428329000,
  "controller/List-dbg.controller.js": 1683023387634,
  "utils/locate-reuse-libs-dbg.js": 1668428329000,
  "controller/DetailObjectNotFound-dbg.js": 1668428329000,
  "controller/DetailObjectNotFound-dbg.controller.js": 1668428329000,
  "controller/Detail-dbg.controller.js": 1668428329000,
  "controller/BaseController-dbg.js": 1668428329000,
  "controller/App-dbg.controller.js": 1668428329000,
  "Component-dbg.js": 1668428329000,
  "view/ViewSettingsDialog.fragment.xml": 1668428329000,
  "view/NotFound.view.xml": 1668428329000,
  "view/List.view.xml": 1683117068896,
  "view/DetailObjectNotFound.view.xml": 1668428329000,
  "view/Detail.view.xml": 1668428329000,
  "view/App.view.xml": 1668428329000,
  "images/windows.png": 1668428329000,
  "images/tab.png": 1668428329000,
  "images/safari.png": 1668428329000,
  "images/other.png": 1668428329000,
  "images/mob.png": 1668428329000,
  "images/googlechrome.png": 1668428329000,
  "images/firefox.png": 1668428329000,
  "images/fioriclient.png": 1668428329000,
  "images/ei.png": 1668428329000,
  "images/edge.png": 1668428329000,
  "images/desk.png": 1668428329000,
  "images/apple.png": 1668428329000,
  "images/android.png": 1668428329000,
  "fragments/addStaff.fragment.xml": 1668428329000,
  "css/style.css": 1683025763166,
  "index.html": 1683025342529
}